Code,Name,결산월,WICS업종코드(대),WICS업종명(중),WICS업종명(소)
A000010,신한은행,12,,,
A000020,동화약품,12,G35,제약과생물공학,제약
A000030,우리은행,12,G40,은행,은행
A000040,KR모터스,12,G25,자동차와부품,자동차
A000050,경방,12,G25,내구소비재와의류,"섬유,의류,신발,호화품"
A000060,메리츠화재,12,G40,보험,손해보험
A000070,삼양홀딩스,12,G30,"식품,음료,담배",식품
A000080,하이트진로,12,G30,"식품,음료,담배",음료
A000090,두산상사,12,,,
A000100,유한양행,12,G35,제약과생물공학,제약
A000110,한국스탠다드차타드은행,12,,,
A000120,CJ대한통운,12,G20,운송,항공화물운송과물류
A000130,한일은행,12,,,
A000140,하이트진로홀딩스,12,G30,"식품,음료,담배",음료
A000150,두산,12,G20,자본재,복합기업
A000160,대한중석,12,,,
A000170,엘지금속,12,,,
A000180,성창기업지주,12,G15,소재,종이와목재
A000200,대우중공업,12,,,
A000210,대림산업,12,G20,자본재,건설
A000220,유유제약,12,G35,제약과생물공학,제약
A000230,일동홀딩스,12,G35,제약과생물공학,제약
A000240,한국타이어월드와이드,12,G25,자동차와부품,자동차부품
A000270,기아차,12,G25,자동차와부품,자동차
A000280,동아건설산업,12,,,
A000300,대유플러스,12,G25,자동차와부품,자동차부품
A000310,해태제과,6,,,
A000320,노루홀딩스,12,G20,자본재,건축자재
A000330,두산백화,12,,,
A000360,삼환기업,12,,,
A000370,한화손해보험,12,G40,보험,손해보험
A000390,삼화페인트,12,G20,자본재,건축자재
A000400,롯데손해보험,12,G40,보험,손해보험
A000420,로케트전기,12,,,
A000430,대원강업,12,G25,자동차와부품,자동차부품
A000450,한주통산,12,,,
A000470,그린손해보험,3,,,
A000480,조선내화,12,G15,소재,비철금속
A000490,대동공업,12,G20,자본재,기계
A000500,가온전선,12,G20,자본재,전기장비
A000510,태화,12,,,
A000520,삼일제약,12,G35,제약과생물공학,제약
A000540,흥국화재,12,G40,보험,손해보험
A000570,금호건설,12,,,
A000590,CS홀딩스,12,G15,소재,철강
A000610,제일화재,3,,,
A000640,동아쏘시오홀딩스,12,G35,제약과생물공학,제약
A000650,천일고속,12,G20,운송,도로와철도운송
A000660,SK하이닉스,12,G45,반도체와반도체장비,반도체와반도체장비
A000670,영풍,12,G45,기술하드웨어와장비,핸드셋
A000680,LS네트웍스,12,G25,내구소비재와의류,"섬유,의류,신발,호화품"
A000700,유수홀딩스,12,G20,운송,항공화물운송과물류
A000720,현대건설,12,G20,자본재,건설
A000730,서울교통공사,12,,,
A000760,이화산업,12,G15,소재,화학
A000790,C&상선,12,,,
A000800,경남기업,12,,,
A000810,삼성화재,12,G40,보험,손해보험
A000830,삼성물산,12,,,
A000840,한국벨트,12,,,
A000850,화천기공,12,G20,자본재,기계
A000860,강남제비스코,12,G20,자본재,건축자재
A000880,한화,12,G15,소재,화학
A000890,보해양조,12,G30,"식품,음료,담배",음료
A000900,강원산업,12,,,
A000910,유니온,12,G20,자본재,건축자재
A000930,한화기계,12,,,
A000950,전방,12,G25,내구소비재와의류,"섬유,의류,신발,호화품"
A000970,한국주철관,3,G15,소재,철강
A000980,극동건설,12,,,
A000990,DB하이텍,12,G45,반도체와반도체장비,반도체와반도체장비
A001020,페이퍼코리아,12,G15,소재,종이와목재
A001030,리젠트화재해상보험,3,,,
A001040,CJ,12,G20,자본재,복합기업
A001060,JW중외제약,12,G35,제약과생물공학,제약
A001070,대한방직,12,G25,내구소비재와의류,"섬유,의류,신발,호화품"
A001080,만호제강,6,G15,소재,철강
A001090,동서증권,3,,,
A001100,동양정밀공업,12,,,
A001110,대농,12,,,
A001120,LG상사,12,G20,자본재,무역회사와판매업체
A001130,대한제분,12,G30,"식품,음료,담배",식품
A001140,국보,12,G20,운송,항공화물운송과물류
A001150,서통,12,,,
A001160,신원제이엠씨,12,,,
A001170,장은증권,3,,,
A001190,마이크로닉스,12,,,
A001200,유진투자증권,12,G40,증권,증권
A001210,금호전기,12,G45,디스플레이,디스플레이장비및부품
A001230,동국제강,12,G15,소재,철강
A001250,GS글로벌,12,G20,자본재,무역회사와판매업체
A001260,남광토건,12,G20,자본재,건설
A001270,부국증권,12,G40,증권,증권
A001280,우리증권,3,,,
A001290,골든브릿지증권,12,G40,증권,증권
A001300,제일모직,12,,,
A001310,풍림산업,12,,,
A001340,백광산업,12,G15,소재,화학
A001350,대한모방,12,,,
A001360,삼성제약,12,G35,제약과생물공학,제약
A001370,FnC코오롱,12,,,
A001380,SG충방,12,G25,자동차와부품,자동차부품
A001390,KG케미칼,12,G15,소재,화학
A001400,동산씨앤지,12,,,
A001420,태원물산,12,G25,자동차와부품,자동차부품
A001430,세아베스틸,12,G15,소재,철강
A001440,대한전선,12,G20,자본재,전기장비
A001450,현대해상,12,G40,보험,손해보험
A001460,BYC,12,G25,내구소비재와의류,"섬유,의류,신발,호화품"
A001470,삼부토건,12,G20,자본재,건설
A001490,천지산업,12,,,
A001500,현대차증권,12,G40,증권,증권
A001510,SK증권,12,G40,증권,증권
A001520,동양,12,G20,자본재,건축자재
A001530,동일방직,12,G25,내구소비재와의류,"섬유,의류,신발,호화품"
A001550,조비,12,G15,소재,화학
A001560,제일연마,12,G15,소재,비철금속
A001570,금양,12,G15,소재,화학
A001580,신광기업,3,,,
A001590,일화모직공업,11,,,
A001600,서광건설,12,,,
A001610,두산종합식품,12,,,
A001620,동국실업,12,G25,자동차와부품,자동차부품
A001630,종근당홀딩스,12,G35,제약과생물공학,제약
A001670,경남모직,12,,,
A001680,대상,12,G30,"식품,음료,담배",식품
A001690,두산테크팩,12,,,
A001700,공영토건,12,,,
A001720,신영증권,3,G40,증권,증권
A001740,SK네트웍스,12,G20,자본재,복합기업
A001750,한양증권,12,G40,증권,증권
A001770,신화실업,12,G15,소재,철강
A001780,알루코,12,G15,소재,비철금속
A001790,대한제당,12,G30,"식품,음료,담배",식품
A001800,오리온홀딩스,12,G30,"식품,음료,담배",식품
A001820,삼화콘덴서,12,G45,전자와 전기제품,전기제품
A001830,동부일렉트로닉스,12,,,
A001880,삼호,12,G20,자본재,건설
A001890,에이치디씨영창,12,,,
A001920,한보철강공업,12,,,
A001930,효성물산,12,,,
A001940,KISCO홀딩스,12,G15,소재,철강
A001950,남한제지,6,,,
A001970,SG신성건설,12,,,
A001980,대호,12,,,
A002000,한국유리,12,,,
A002010,삼성건설,12,,,
A002020,코오롱,12,G15,소재,화학
A002030,아세아,12,G15,소재,포장재
A002050,경향건설,12,,,
A002070,남영비비안,12,G25,내구소비재와의류,"섬유,의류,신발,호화품"
A002080,벽산개발,12,,,
A002100,경농,12,G15,소재,화학
A002130,피어리스,12,,,
A002140,고려산업,12,G30,"식품,음료,담배",식품
A002150,도화엔지니어링,12,G20,자본재,건설
A002170,삼양통상,12,G25,내구소비재와의류,"섬유,의류,신발,호화품"
A002180,삼익건설,12,,,
A002200,수출포장,12,G15,소재,포장재
A002210,동성제약,12,G35,제약과생물공학,제약
A002220,한일철강,12,G15,소재,철강
A002240,고려제강,12,G15,소재,철강
A002250,알보젠코리아,12,G35,제약과생물공학,제약
A002270,롯데푸드,12,G30,"식품,음료,담배",식품
A002300,한국제지,12,G15,소재,종이와목재
A002310,아세아제지,12,G15,소재,포장재
A002320,한진,12,G20,운송,항공화물운송과물류
A002340,유성,12,,,
A002350,넥센타이어,12,G25,자동차와부품,자동차부품
A002360,SH에너지화학,12,G15,소재,화학
A002380,KCC,12,G20,자본재,건축자재
A002390,한독,12,G35,제약과생물공학,제약
A002410,범양건영,12,G20,자본재,건설
A002420,세기상사,12,G25,미디어,방송과엔터테인먼트
A002440,미원,12,,,
A002450,삼익악기,12,G25,내구소비재와의류,레저용장비와제품
A002460,화성산업,12,G20,자본재,건설
A002470,신영건설,12,,,
A002530,벽산건설,12,,,
A002540,고제,12,,,
A002550,KB손해보험,12,,,
A002580,삼미,12,,,
A002600,조흥,12,G30,"식품,음료,담배",식품
A002610,LGEI,12,,,
A002620,제일파마홀딩스,12,G35,제약과생물공학,제약
A002630,오리엔트바이오,3,G25,자동차와부품,자동차부품
A002690,동일제강,12,G15,소재,철강
A002700,신일산업,12,G25,내구소비재와의류,가정용기기와용품
A002710,TCC동양,12,G15,소재,철강
A002720,국제약품,12,G35,제약과생물공학,제약
A002730,고려증권,3,,,
A002740,동양화학공업,12,,,
A002760,보락,12,G30,"식품,음료,담배",식품
A002780,진흥기업,12,G20,자본재,건설
A002790,아모레G,12,G25,내구소비재와의류,화장품
A002810,삼영무역,12,G15,소재,화학
A002820,선창산업,12,G15,소재,종이와목재
A002840,미원상사,12,G15,소재,화학
A002850,영풍산업,12,,,
A002860,하나은행,12,,,
A002870,신풍제지,12,G15,소재,포장재
A002880,대유에이텍,12,G25,자동차와부품,자동차부품
A002900,동양물산,12,G20,자본재,기계
A002910,진성레미컨,12,,,
A002920,유성기업,12,G25,자동차와부품,자동차부품
A002930,삼도물산,12,,,
A002940,경동산업,3,,,
A002950,두산건설,12,,,
A002960,한국쉘석유,12,G10,에너지,석유와가스
A002990,금호산업,12,G20,자본재,건설
A003000,부광약품,12,G35,제약과생물공학,제약
A003010,혜인,12,G20,자본재,무역회사와판매업체
A003020,남양,6,,,
A003030,세아제강지주,12,G15,소재,철강
A003040,한일약품,12,,,
A003050,넥상스코리아,12,,,
A003060,에이프로젠제약,12,G35,제약과생물공학,제약
A003070,코오롱글로벌,12,G20,자본재,건설
A003080,성보화학,12,G15,소재,화학
A003090,대웅,12,G35,제약과생물공학,제약
A003110,대일화학공업,12,,,
A003120,일성신약,12,G35,제약과생물공학,제약
A003160,디아이,12,G45,반도체와반도체장비,반도체와반도체장비
A003190,알앤엘바이오,12,,,
A003200,일신방직,12,G25,내구소비재와의류,"섬유,의류,신발,호화품"
A003220,대원제약,12,G35,제약과생물공학,제약
A003230,삼양식품,12,G30,"식품,음료,담배",식품
A003240,태광산업,12,G15,소재,화학
A003260,서광,12,,,
A003280,흥아해운,12,G20,운송,해운사
A003290,엔케이텔레콤,12,,,
A003300,한일홀딩스,12,G20,자본재,건축자재
A003320,신한증권,3,,,
A003330,하나증권,3,,,
A003350,한국화장품제조,12,G25,내구소비재와의류,화장품
A003400,삼성신약,12,,,
A003410,쌍용양회,12,G20,자본재,건축자재
A003450,케이비증권,12,,,
A003460,유화증권,12,G40,증권,증권
A003470,유안타증권,12,G40,증권,증권
A003480,한진중공업홀딩스,12,G20,자본재,조선
A003490,대한항공,12,G20,운송,항공사
A003500,삼진화학,12,,,
A003520,영진약품,12,G35,제약과생물공학,제약
A003530,한화투자증권,12,G40,증권,증권
A003540,대신증권,12,G40,증권,증권
A003550,LG,12,G20,자본재,복합기업
A003560,IHQ,12,G25,미디어,방송과엔터테인먼트
A003570,S&T중공업,12,G25,자동차와부품,자동차부품
A003580,넥스트사이언스,12,G20,자본재,건축자재
A003590,광덕물산,3,,,
A003600,SK,12,,,
A003610,방림,9,G25,내구소비재와의류,"섬유,의류,신발,호화품"
A003620,쌍용차,12,G25,자동차와부품,자동차
A003640,유니온스틸,12,,,
A003650,미창석유,12,G10,에너지,석유와가스
A003660,고려시멘트,12,,,
A003680,한성기업,12,G30,"식품,음료,담배",식품
A003690,코리안리,12,G40,보험,손해보험
A003720,삼영화학,12,G15,소재,화학
A003780,진양산업,12,G15,소재,화학
A003810,대우,12,,,
A003830,대한화섬,12,G15,소재,화학
A003840,중원,12,,,
A003850,보령제약,12,G35,제약과생물공학,제약
A003900,해태유업,12,,,
A003920,남양유업,12,G30,"식품,음료,담배",식품
A003930,부흥,12,,,
A003940,삼양제넥스,12,,,
A003960,사조대림,12,G30,"식품,음료,담배",식품
A003970,동부산업,12,,,
A003980,한일합섬,12,,,
A003990,BHK,12,,,
A004000,롯데정밀화학,12,G15,소재,화학
A004010,롯데미도파,12,,,
A004020,현대제철,12,G15,소재,철강
A004060,SG세계물산,12,G25,내구소비재와의류,"섬유,의류,신발,호화품"
A004080,신흥,12,G35,건강관리장비와서비스,건강관리장비와용품
A004090,한국석유,12,G15,소재,화학
A004100,태양금속,12,G25,자동차와부품,자동차부품
A004110,대선주조,12,,,
A004130,대덕GDS,12,,,
A004140,동방,12,G20,운송,항공화물운송과물류
A004150,한솔홀딩스,12,G15,소재,종이와목재
A004170,신세계,12,G25,소매(유통),백화점과일반상점
A004190,스마텔,12,,,
A004200,고려개발,12,G20,자본재,건설
A004210,한일방직,6,,,
A004230,세신,12,,,
A004250,NPC,12,G15,소재,화학
A004260,대성자원,12,,,
A004270,남성,12,G45,기술하드웨어와장비,전자장비와기기
A004280,아시아자동차공업,12,,,
A004290,아이케이엔터프라이즈,12,,,
A004310,현대약품,11,G35,제약과생물공학,제약
A004330,진영산업,8,,,
A004350,한일양행의약품,12,,,
A004360,세방,12,G20,운송,항공화물운송과물류
A004370,농심,12,G30,"식품,음료,담배",식품
A004380,삼익THK,12,G20,자본재,기계
A004390,오리온전기,12,,,
A004410,서울식품,12,G30,"식품,음료,담배",식품
A004420,동국무역,12,,,
A004430,송원산업,12,G15,소재,화학
A004440,대림씨엔에스,12,G20,자본재,건축자재
A004450,삼화왕관,12,G15,소재,포장재
A004460,고합,12,,,
A004490,세방전지,12,G25,자동차와부품,자동차부품
A004510,디와이홀딩스,12,,,
A004530,SY,12,,,
A004540,깨끗한나라,12,G30,가정용품과개인용품,가정용품
A004550,대우송도개발,12,,,
A004560,현대비앤지스틸,12,G15,소재,비철금속
A004600,두산음료,12,,,
A004610,성화,12,,,
A004620,캠브리지코오롱,12,,,
A004660,신동방씨피,12,,,
A004690,삼천리,12,G55,유틸리티,가스유틸리티
A004700,조광피혁,12,G25,내구소비재와의류,"섬유,의류,신발,호화품"
A004710,한솔테크닉스,12,G45,디스플레이,디스플레이장비및부품
A004720,우리들제약,12,G35,제약과생물공학,제약
A004730,진로종합식품,12,,,
A004740,보루네오,12,,,
A004770,써니전자,12,G45,기술하드웨어와장비,전자장비와기기
A004800,효성,12,G15,소재,화학
A004820,조인에너지,12,,,
A004830,덕성,12,G25,내구소비재와의류,"섬유,의류,신발,호화품"
A004840,DRB동일,12,G25,자동차와부품,자동차부품
A004870,티웨이홀딩스,12,G20,운송,항공사
A004890,동일산업,12,G15,소재,철강
A004910,조광페인트,12,G20,자본재,건축자재
A004920,씨아이테크,12,G45,기술하드웨어와장비,컴퓨터와주변기기
A004940,하나은행,12,,,
A004960,한신공영,12,G20,자본재,건설
A004970,신라교역,12,G30,"식품,음료,담배",식품
A004980,성신양회,12,G20,자본재,건축자재
A004990,롯데지주,12,G30,"식품,음료,담배",식품
A005000,남선물산,12,,,
A005010,휴스틸,12,G15,소재,철강
A005020,한국장기신용은행,12,,,
A005030,부산주공,12,G25,자동차와부품,자동차부품
A005040,두산기계,12,,,
A005060,대우통신,12,,,
A005070,코스모신소재,12,G15,소재,화학
A005090,삼광글라스,12,G15,소재,포장재
A005100,쌍용제지,6,,,
A005110,한창,12,G25,소매(유통),판매업체
A005180,빙그레,12,G30,"식품,음료,담배",식품
A005190,동성화학,12,G15,소재,화학
A005250,녹십자홀딩스,12,G35,제약과생물공학,제약
A005270,대구은행,12,,,
A005280,부산은행,12,,,
A005300,롯데칠성,12,G30,"식품,음료,담배",음료
A005320,국동,12,G25,내구소비재와의류,"섬유,의류,신발,호화품"
A005330,카스코,12,,,
A005350,봉신,12,,,
A005360,모나미,12,G25,내구소비재와의류,문구류
A005380,현대차,12,G25,자동차와부품,자동차
A005390,신성통상,6,G25,내구소비재와의류,"섬유,의류,신발,호화품"
A005410,신광산업,12,,,
A005420,코스모화학,12,G15,소재,화학
A005430,한국공항,12,G20,운송,운송인프라
A005440,현대그린푸드,12,G30,식품과기본식료품소매,식품과기본식료품소매
A005450,신한,12,G20,자본재,건설
A005490,POSCO,12,G15,소재,철강
A005500,삼진제약,12,G35,제약과생물공학,제약
A005510,충청은행,12,,,
A005560,JS전선,12,,,
A005580,삼익주택,12,,,
A005600,중앙제지,12,,,
A005610,SPC삼립,12,G30,"식품,음료,담배",식품
A005620,대성합동지주,12,,,
A005660,한진건설,12,,,
A005680,삼영전자,12,G45,전자와 전기제품,전기제품
A005690,파미셀,12,G15,소재,화학
A005720,넥센,12,G25,자동차와부품,자동차부품
A005740,크라운해태홀딩스,12,G30,"식품,음료,담배",식품
A005750,대림B&Co,12,G20,자본재,건축제품
A005760,위너스인프라인,10,,,
A005770,광주은행,12,,,
A005790,만도기계,12,,,
A005800,신영와코루,12,G25,내구소비재와의류,"섬유,의류,신발,호화품"
A005810,풍산홀딩스,12,G15,소재,비철금속
A005820,원림,12,G15,소재,포장재
A005830,DB손해보험,12,G40,보험,손해보험
A005850,에스엘,12,G25,자동차와부품,자동차부품
A005870,휴니드,12,G20,자본재,우주항공과국방
A005880,대한해운,12,G20,운송,해운사
A005890,동원증권,3,,,
A005900,동양건설산업,12,,,
A005930,삼성전자,12,G45,반도체와반도체장비,반도체와반도체장비
A005940,NH투자증권,12,G40,증권,증권
A005950,이수화학,12,G15,소재,화학
A005960,동부건설,12,G20,자본재,건설
A005980,성지건설,12,,,
A006040,동원산업,12,G30,"식품,음료,담배",식품
A006060,화승인더,12,G25,내구소비재와의류,"섬유,의류,신발,호화품"
A006070,기린,12,,,
A006090,사조오양,12,G30,"식품,음료,담배",식품
A006110,삼아알미늄,12,G15,소재,비철금속
A006120,SK디스커버리,12,G10,에너지,석유와가스
A006150,한메엔에스,12,,,
A006160,신화건설,12,,,
A006200,한국전자홀딩스,12,G45,반도체와반도체장비,반도체와반도체장비
A006210,휴리프,3,,,
A006220,제주은행,12,G40,은행,은행
A006240,진도물산,12,,,
A006250,극동전선,12,,,
A006260,LS,12,G20,자본재,전기장비
A006270,금성통신,12,,,
A006280,녹십자,12,G35,제약과생물공학,제약
A006290,인천정유,12,,,
A006320,경기은행,12,,,
A006340,대원전선,12,G20,자본재,전기장비
A006350,전북은행,12,,,
A006360,GS건설,12,G20,자본재,건설
A006370,대구백화점,12,G25,소매(유통),백화점과일반상점
A006380,카프로,12,G15,소재,화학
A006390,한일현대시멘트,12,G20,자본재,건축자재
A006400,삼성SDI,12,G45,전자와 전기제품,전기제품
A006440,한일건설,12,,,
A006490,인스코비,12,G50,통신서비스,다각화된통신서비스
A006510,인켈,12,,,
A006570,대림통상,12,G20,자본재,건축제품
A006590,강원은행,12,,,
A006600,동신제약,12,,,
A006610,경남은행,12,,,
A006650,대한유화,12,G15,소재,화학
A006660,삼성공조,12,G25,자동차와부품,자동차부품
A006740,영풍제지,12,G15,소재,종이와목재
A006750,센추리,12,,,
A006790,대상교역,12,,,
A006800,미래에셋대우,12,G40,증권,증권
A006840,AK홀딩스,12,G15,소재,화학
A006880,신송홀딩스,12,G30,"식품,음료,담배",식품
A006890,태경화학,12,G15,소재,화학
A006900,요업개발,12,,,
A006980,우성사료,12,G30,"식품,음료,담배",식품
A007000,한주전자,12,,,
A007050,유리이에스,12,,,
A007070,GS리테일,12,G25,소매(유통),백화점과일반상점
A007100,호남식품,12,,,
A007110,일신석재,12,G20,자본재,건축자재
A007120,미래아이앤지,12,G45,소프트웨어와서비스,IT서비스
A007160,사조산업,12,G30,"식품,음료,담배",식품
A007170,기아자동차판매,12,,,
A007190,한솔아트원제지,12,,,
A007200,진흥저축은행,6,,,
A007210,벽산,12,G20,자본재,건축자재
A007230,금성기전,12,,,
A007240,충북은행,12,,,
A007280,한국특수형강,12,G15,소재,철강
A007310,오뚜기,12,G30,"식품,음료,담배",식품
A007340,디티알오토모티브,12,G25,자동차와부품,자동차부품
A007360,하나은행,12,,,
A007380,고합물산,12,,,
A007410,대우전자,12,,,
A007420,해동신용금고,6,,,
A007460,에이프로젠 KIC,12,G20,자본재,기계
A007480,대한은박지,9,,,
A007490,태창기업,12,,,
A007540,샘표,12,G30,"식품,음료,담배",식품
A007570,일양약품,12,G35,제약과생물공학,제약
A007590,동방아그로,12,G15,소재,화학
A007610,선도전기,12,G20,자본재,전기장비
A007630,폴루스바이오팜,12,G45,기술하드웨어와장비,통신장비
A007660,이수페타시스,12,G45,기술하드웨어와장비,전자장비와기기
A007690,국도화학,12,G15,소재,화학
A007700,F&F,12,G25,내구소비재와의류,"섬유,의류,신발,호화품"
A007790,금하방직,12,,,
A007800,솔로몬저축은행,6,,,
A007810,코리아써키트,12,G45,기술하드웨어와장비,전자장비와기기
A007860,서연,12,G25,자동차와부품,자동차부품
A007910,세원화성,12,,,
A007980,태평양물산,12,G25,내구소비재와의류,"섬유,의류,신발,호화품"
A008000,도레이케미칼,3,,,
A008020,경남에너지,12,,,
A008040,사조동아원,12,G30,"식품,음료,담배",식품
A008060,대덕전자,12,G45,기술하드웨어와장비,전자장비와기기
A008080,에스와이코퍼레이션,12,,,
A008100,거성산업,12,,,
A008110,대동전자,3,G45,기술하드웨어와장비,전자장비와기기
A008120,엠소닉,12,,,
A008190,신호전자통신,12,,,
A008250,이건산업,12,G20,자본재,건축자재
A008260,NI스틸,12,G15,소재,철강
A008270,산은캐피탈,3,,,
A008320,한국기술산업,10,,,
A008350,남선알미늄,12,G20,자본재,건축제품
A008400,C&중공업,12,,,
A008420,문배철강,12,G15,소재,철강
A008440,아이넥스테크놀로지,12,,,
A008480,KEP전자,12,,,
A008490,서흥,12,G35,제약과생물공학,생명과학도구및서비스
A008500,일정실업,12,G25,자동차와부품,자동차부품
A008530,일은증권,3,,,
A008540,케이비물산,1,,,
A008560,메리츠종금증권,12,G40,증권,증권
A008600,윌비스,12,G25,내구소비재와의류,"섬유,의류,신발,호화품"
A008640,우성건설,12,,,
A008650,신한전자,9,,,
A008670,신한금융투자,3,,,
A008690,한양,12,,,
A008700,아남전자,12,G45,전자와 전기제품,전자제품
A008720,삼양엔텍,12,,,
A008730,율촌화학,12,G15,소재,화학
A008750,범양식품,12,,,
A008770,호텔신라,12,G25,"호텔,레스토랑,레저등","호텔,레스토랑,레저"
A008810,LG종합금융,3,,,
A008870,금비,9,G15,소재,포장재
A008890,보람은행,12,,,
A008900,티이씨앤코,12,,,
A008930,한미사이언스,12,G35,제약과생물공학,제약
A008950,동부화학,12,,,
A008970,동양철관,12,G15,소재,철강
A008980,동양현대종합금융,3,,,
A008990,중앙종합금융,3,,,
A009030,대한종합금융,3,,,
A009050,대한알루미늄공업,12,,,
A009070,KCTC,12,G20,운송,항공화물운송과물류
A009080,태평양종합산업,12,,,
A009140,경인전자,12,G45,전자와 전기제품,전자제품
A009150,삼성전기,12,G45,기술하드웨어와장비,전자장비와기기
A009160,SIMPAC,12,G20,자본재,기계
A009180,한솔로지스틱스,12,G20,운송,항공화물운송과물류
A009190,대양금속,12,G15,소재,비철금속
A009200,무림페이퍼,12,G15,소재,종이와목재
A009240,한샘,12,G20,자본재,가구
A009270,신원,12,G25,내구소비재와의류,"섬유,의류,신발,호화품"
A009280,다함이텍,12,,,
A009290,광동제약,12,G35,제약과생물공학,제약
A009310,참엔지니어링,12,G45,디스플레이,디스플레이장비및부품
A009320,대우부품,12,G25,자동차와부품,자동차부품
A009330,삼애인더스,6,,,
A009360,베네데스하이텍,12,,,
A009380,아세아페이퍼텍,12,,,
A009400,케이와이씨,12,,,
A009410,태영건설,12,G20,자본재,건설
A009420,한올바이오파마,12,G35,제약과생물공학,제약
A009440,KC그린홀딩스,12,G20,자본재,기계
A009450,경동나비엔,12,G25,내구소비재와의류,가정용기기와용품
A009460,한창제지,12,G15,소재,포장재
A009470,삼화전기,12,G45,전자와 전기제품,전기제품
A009540,현대중공업,12,G20,자본재,조선
A009580,무림P&P,12,G15,소재,종이와목재
A009650,현대자동차써비스,12,,,
A009680,모토닉,12,G25,자동차와부품,자동차부품
A009690,케이엠에이치,12,,,
A009720,전기초자,12,,,
A009760,한국컴퓨터지주,12,,,
A009770,삼정펄프,12,G30,가정용품과개인용품,가정용품
A009790,휴닉스,12,,,
A009810,엔케이물산,12,G15,소재,포장재
A009830,한화케미칼,12,G15,소재,화학
A009840,갑을,12,,,
A009890,맥슨텔레콤,12,,,
A009940,대아리드선,12,,,
A009970,영원무역홀딩스,12,G25,내구소비재와의류,"섬유,의류,신발,호화품"
A009990,미우,12,,,
A010000,금성계전,12,,,
A010030,흥양,12,,,
A010040,한국내화,12,G15,소재,비철금속
A010050,우리종금,12,G40,다각화된금융,기타금융
A010060,OCI,12,G15,소재,화학
A010090,이마트에브리데이,12,,,
A010100,한국프랜지,12,G25,자동차와부품,자동차부품
A010110,고려화학,12,,,
A010120,LS산전,12,G20,자본재,전기장비
A010130,고려아연,12,G15,소재,비철금속
A010140,삼성중공업,12,G20,자본재,조선
A010150,포스코티엠씨,12,,,
A010200,극동제혁,12,,,
A010220,한솔종합금융,3,,,
A010330,라미화장품,12,,,
A010400,우진아이엔에스,12,G20,자본재,건설
A010420,한솔PNS,12,G25,소매(유통),전문소매
A010460,화인자산관리,12,,,
A010510,일진,12,,,
A010520,현대하이스코,12,,,
A010530,라이프주택개발,12,,,
A010580,지코,12,G25,자동차와부품,자동차부품
A010600,웰바이오텍,12,G25,내구소비재와의류,"섬유,의류,신발,호화품"
A010620,현대미포조선,12,G20,자본재,조선
A010640,진양폴리,12,G15,소재,화학
A010660,화천기계,12,G20,자본재,기계
A010690,화신,12,G25,자동차와부품,자동차부품
A010730,금강화섬,9,,,
A010770,평화홀딩스,12,G25,자동차와부품,자동차부품
A010780,아이에스동서,12,G20,자본재,건설
A010820,퍼스텍,12,G20,자본재,우주항공과국방
A010910,제일냉동,12,,,
A010950,S-Oil,12,G10,에너지,석유와가스
A010960,삼호개발,12,G20,자본재,건설
A010970,한주화학,12,,,
A011000,진원생명과학,12,G35,제약과생물공학,생물공학
A011020,코오롱유화,12,,,
A011050,케드콤,12,,,
A011070,LG이노텍,12,G45,기술하드웨어와장비,전자장비와기기
A011090,에넥스,12,G20,자본재,가구
A011150,CJ씨푸드,12,G30,"식품,음료,담배",식품
A011160,두산건설,12,G20,자본재,건설
A011170,롯데케미칼,12,G15,소재,화학
A011180,동국방직,12,,,
A011200,현대상선,12,G20,운송,해운사
A011210,현대위아,12,G25,자동차와부품,자동차부품
A011230,삼화전자,12,G45,기술하드웨어와장비,전자장비와기기
A011260,한국종합금융,3,,,
A011280,태림포장,12,G15,소재,포장재
A011290,갑을방적,12,,,
A011300,성안,12,G25,내구소비재와의류,"섬유,의류,신발,호화품"
A011330,유니켐,12,G25,내구소비재와의류,"섬유,의류,신발,호화품"
A011390,부산산업,12,G20,자본재,건축자재
A011400,케이씨오에너지,12,,,
A011420,갤럭시아에스엠,12,G25,미디어,방송과엔터테인먼트
A011450,송원칼라,12,,,
A011470,기산,12,,,
A011500,한농화성,12,G15,소재,화학
A011510,청구,12,,,
A011540,삼신,12,,,
A011650,엘지정보통신,12,,,
A011690,유양디앤유,12,G45,디스플레이,디스플레이장비및부품
A011700,한신기계,12,G20,자본재,기계
A011720,현대페인트,12,,,
A011760,현대상사,12,G20,자본재,무역회사와판매업체
A011780,금호석유,12,G15,소재,화학
A011790,SKC,12,G15,소재,화학
A011800,배명금속,12,,,
A011810,STX,12,G20,자본재,무역회사와판매업체
A011820,한국물산,12,,,
A011840,계몽사,9,,,
A011880,현대종합금융,3,,,
A011930,신성이엔지,12,G10,에너지,에너지장비및서비스
A011940,태영판지공업,12,,,
A011960,새한종합금융,3,,,
A012030,DB,12,G45,소프트웨어와서비스,IT서비스
A012050,우진전기,12,,,
A012090,성원건설,12,,,
A012150,동방개발,12,,,
A012160,영흥철강,12,G15,소재,철강
A012170,키위미디어그룹,12,G25,미디어,방송과엔터테인먼트
A012190,신호페이퍼,6,,,
A012200,계양전기,12,G25,자동차와부품,자동차부품
A012220,동국전자,12,,,
A012250,셰프라인,12,,,
A012260,이지닷컴,12,,,
A012270,동신,12,,,
A012280,영화금속,12,G25,자동차와부품,자동차부품
A012300,신한인터내쇼날,12,,,
A012320,경동인베스트,12,G55,유틸리티,가스유틸리티
A012330,현대모비스,12,G25,자동차와부품,자동차부품
A012400,허메스홀딩스,12,,,
A012410,글로스텍,12,,,
A012420,메리츠종금,3,,,
A012450,한화에어로스페이스,12,G20,자본재,우주항공과국방
A012470,영진테크,12,,,
A012500,제일종합금융,3,,,
A012510,더존비즈온,12,G45,소프트웨어와서비스,소프트웨어
A012580,신세계톰보이,12,,,
A012600,청호컴넷,12,G45,기술하드웨어와장비,컴퓨터와주변기기
A012610,경인양행,12,G15,소재,화학
A012630,HDC,12,G20,자본재,건설
A012670,환영철강공업,12,,,
A012690,모나리자,12,G30,가정용품과개인용품,가정용품
A012710,한스종합금융,3,,,
A012720,건영,12,,,
A012750,에스원,12,G20,상업서비스와공급품,상업서비스와공급품
A012760,동아,12,,,
A012800,대창,12,G15,소재,비철금속
A012830,현대리바트,12,,,
A012910,한라시멘트,12,,,
A012990,LG석유화학,12,,,
A013000,세우글로벌,12,G25,소매(유통),판매업체
A013040,금강피혁,12,,,
A013070,태양이앤테크,12,,,
A013090,인켈,12,,,
A013200,C&우방,12,,,
A013240,셀런,12,,,
A013250,대양상호신용금고,6,,,
A013360,일성건설,12,G20,자본재,건설
A013520,화승알앤에이,12,G25,자동차와부품,자동차부품
A013570,디와이,12,G20,자본재,기계
A013580,계룡건설,12,G20,자본재,건설
A013700,까뮤이앤씨,12,G20,자본재,건설
A013820,피앤텍,12,,,
A013870,지엠비코리아,12,G25,자동차와부품,자동차부품
A013890,지누스,12,,,
A014010,인터피온반도체,6,,,
A014040,GPS,12,,,
A014080,뉴맥스,12,,,
A014130,한익스프레스,12,G20,운송,항공화물운송과물류
A014150,한외종합금융,3,,,
A014160,대영포장,12,G15,소재,포장재
A014280,금강공업,12,G20,자본재,건축제품
A014300,선진지주,12,,,
A014350,신일건업,12,,,
A014390,대구종합금융,3,,,
A014400,경남종합금융,3,,,
A014430,한길종합금융,3,,,
A014440,영보화학,12,G15,소재,화학
A014450,삼양종합금융,3,,,
A014490,쌍용종합금융,3,,,
A014530,극동유화,12,G10,에너지,석유와가스
A014580,백광소재,12,G15,소재,비철금속
A014590,티엘씨레저,12,,,
A014680,한솔케미칼,12,G15,소재,화학
A014710,사조씨푸드,12,G30,"식품,음료,담배",식품
A014740,금호케미칼,12,,,
A014790,한라,12,G20,자본재,건설
A014820,동원시스템즈,12,G15,소재,포장재
A014830,유니드,12,G15,소재,화학
A014900,삼보컴퓨터,12,,,
A014910,성문전자,12,G45,전자와 전기제품,전기제품
A014980,항도종합금융,3,,,
A014990,인디에프,12,G25,내구소비재와의류,"섬유,의류,신발,호화품"
A015020,이스타코,12,G25,미디어,방송과엔터테인먼트
A015080,청솔종합금융,3,,,
A015090,대미실업,12,,,
A015110,중앙건설,12,,,
A015230,대창단조,12,G20,자본재,기계
A015260,에이엔피,12,G45,기술하드웨어와장비,전자장비와기기
A015340,나우정밀,12,,,
A015350,부산가스,12,G55,유틸리티,가스유틸리티
A015360,예스코홀딩스,12,G55,유틸리티,가스유틸리티
A015540,메디플란트,12,G25,소매(유통),판매업체
A015580,신한은행,12,,,
A015590,큐로,12,G20,자본재,기계
A015620,현대울산종합금융,3,,,
A015650,리젠트종합금융,3,,,
A015670,AP우주통신,12,,,
A015730,대우정밀공업,12,,,
A015760,한국전력,12,G55,유틸리티,전기유틸리티
A015780,논노,12,,,
A015860,일진홀딩스,12,G20,자본재,전기장비
A015880,태화쇼핑,12,,,
A015890,태경산업,12,G15,소재,비철금속
A015940,LG데이콤,12,,,
A015980,금경,12,,,
A016070,동성반도체,12,,,
A016090,대현,12,G25,내구소비재와의류,"섬유,의류,신발,호화품"
A016160,오라바이오틱스,12,,,
A016350,신한종합금융,3,,,
A016360,삼성증권,12,G40,증권,증권
A016380,동부제철,12,G15,소재,철강
A016390,나라종합금융,3,,,
A016420,NH농협증권,12,,,
A016430,동신제지,6,,,
A016450,한세예스24홀딩스,12,G25,내구소비재와의류,"섬유,의류,신발,호화품"
A016480,한화종합금융,3,,,
A016490,청화상공,12,,,
A016500,삼삼종합금융,3,,,
A016510,현대DSF,12,,,
A016550,한별텔레콤,12,,,
A016560,서울저축은행,6,,,
A016570,태평양제약,12,,,
A016580,환인제약,12,G35,제약과생물공학,제약
A016590,신대양제지,12,G15,소재,포장재
A016610,DB금융투자,12,G40,증권,증권
A016640,신화,12,,,
A016680,태흥피혁공업,12,,,
A016690,신세계종합금융,3,,,
A016710,대성홀딩스,12,G55,유틸리티,가스유틸리티
A016740,두올,12,G25,자동차와부품,자동차부품
A016800,퍼시스,12,G20,자본재,가구
A016830,한국씨티은행,12,,,
A016880,웅진,12,G20,자본재,복합기업
A016970,씨크롭,12,,,
A017040,광명전기,12,G20,자본재,전기장비
A017070,호승,12,,,
A017110,고려종합금융,3,,,
A017120,바로크가구,12,,,
A017170,훈영,12,,,
A017180,명문제약,12,G35,제약과생물공학,제약
A017300,에이치비이에너지,12,,,
A017320,태일정밀,12,,,
A017370,우신시스템,12,G25,자동차와부품,자동차부품
A017390,서울가스,12,G55,유틸리티,가스유틸리티
A017550,수산중공업,12,G20,자본재,기계
A017670,SK텔레콤,12,G50,통신서비스,무선통신서비스
A017800,현대엘리베이,12,G20,자본재,기계
A017810,풀무원,12,G30,"식품,음료,담배",식품
A017900,광전자,12,G45,기술하드웨어와장비,전자장비와기기
A017940,E1,12,G55,유틸리티,가스유틸리티
A017960,한국카본,12,G20,자본재,조선
A018020,스타리스,3,,,
A018250,애경산업,12,G30,가정용품과개인용품,가정용품
A018260,삼성에스디에스,12,G45,소프트웨어와서비스,IT서비스
A018360,삼성메디슨,12,,,
A018410,현대금속,12,,,
A018470,조일알미늄,12,G15,소재,비철금속
A018500,동원금속,3,G25,자동차와부품,자동차부품
A018550,한국안전유리,12,,,
A018570,선진금속,12,,,
A018590,KNC,12,,,
A018670,SK가스,12,G55,유틸리티,가스유틸리티
A018690,신정제지,12,,,
A018880,한온시스템,12,G25,자동차와부품,자동차부품
A019170,신풍제약,12,G35,제약과생물공학,제약
A019180,티에이치엔,12,G25,자동차와부품,자동차부품
A019300,태림페이퍼,12,,,
A019380,신강제지,9,,,
A019440,세아특수강,12,G15,소재,철강
A019490,하이트론,12,G45,기술하드웨어와장비,통신장비
A019680,대교,12,G25,교육서비스,교육서비스
A019930,기라정보통신,12,,,
A020000,한섬,12,G25,내구소비재와의류,"섬유,의류,신발,호화품"
A020120,키다리스튜디오,12,G45,소프트웨어와서비스,인터넷소프트웨어와서비스
A020150,일진머티리얼즈,12,G45,기술하드웨어와장비,전자장비와기기
A020560,아시아나항공,12,G20,운송,항공사
A020760,일진디스플,12,G45,디스플레이,디스플레이패널
A021050,서원,12,G15,소재,비철금속
A021170,고려석유화학,12,,,
A021240,코웨이,12,G25,내구소비재와의류,가정용기기와용품
A021600,대동은행,12,,,
A021820,세원정공,6,G25,자동차와부품,자동차부품
A021960,KB캐피탈,12,,,
A022520,코오롱아이넷,12,,,
A023000,삼원강재,12,G25,자동차와부품,자동차부품
A023130,국민은행,12,,,
A023150,MH에탄올,12,G30,"식품,음료,담배",음료
A023350,한국종합기술,12,G20,자본재,건설
A023450,동남합성,12,G15,소재,화학
A023530,롯데쇼핑,12,G25,소매(유통),백화점과일반상점
A023590,다우기술,12,G45,소프트웨어와서비스,IT서비스
A023800,인지컨트롤스,12,G25,자동차와부품,자동차부품
A023810,인팩,12,G25,자동차와부품,자동차부품
A023960,에쓰씨엔지니어링,12,G20,자본재,건설
A024070,WISCOM,12,G15,소재,화학
A024090,디씨엠,12,G15,소재,비철금속
A024100,제일저축은행,6,,,
A024110,기업은행,12,G40,은행,은행
A024720,한국콜마홀딩스,12,G25,내구소비재와의류,화장품
A024870,유성티에스아이,12,,,
A024890,대원화성,12,G25,내구소비재와의류,"섬유,의류,신발,호화품"
A024900,덕양산업,12,G25,자동차와부품,자동차부품
A024960,영남종합금융,3,,,
A025000,KPX케미칼,12,G15,소재,화학
A025530,SJM홀딩스,12,G25,자동차와부품,자동차부품
A025540,한국단자,12,G25,자동차와부품,자동차부품
A025560,미래산업,12,G45,반도체와반도체장비,반도체와반도체장비
A025610,한국저축은행,6,,,
A025620,제이준코스메틱,12,G25,내구소비재와의류,화장품
A025750,한솔홈데코,12,G20,자본재,건축자재
A025820,이구산업,12,G15,소재,비철금속
A025830,한국합섬,12,,,
A025840,레이디,9,,,
A025850,한화화인케미칼,12,,,
A025860,남해화학,12,G15,소재,화학
A025890,한국주강,12,G20,자본재,기계
A025930,팬택,12,,,
A026870,코원에너지서비스,12,,,
A026890,디피씨,12,G45,전자와 전기제품,전기제품
A026940,부국철강,12,G15,소재,철강
A026960,동서,12,G30,"식품,음료,담배",식품
A027390,한화갤러리아타임월드,12,G25,소매(유통),백화점과일반상점
A027410,BGF,12,G25,소매(유통),백화점과일반상점
A027460,한국주택은행,12,,,
A027740,마니커,12,G30,"식품,음료,담배",식품
A027840,고덴시,12,,,
A027970,세하,12,G15,소재,포장재
A028050,삼성엔지니어링,12,G20,자본재,건설
A028100,동아지질,12,G20,자본재,건설
A028260,삼성물산,12,G20,자본재,복합기업
A028440,삼화,12,,,
A028450,금성투자금융,6,,,
A028460,태평양건설,12,,,
A028470,금성부품,12,,,
A028480,반도스포츠,12,,,
A028490,아남정밀,3,,,
A028500,대도상사,12,,,
A028510,기온물산,12,,,
A028520,영원통신,12,,,
A028530,영태전자공업,10,,,
A028540,승리기계제작소,12,,,
A028550,서진식품,12,,,
A028560,케니상사,12,,,
A028570,우생,12,,,
A028580,경일화학공업,12,,,
A028590,양우화학공업,12,,,
A028600,백산전자,12,,,
A028610,중원전자,12,,,
A028620,인성기연,12,,,
A028630,삼나스포츠,3,,,
A028640,풍진,6,,,
A028670,팬오션,12,G20,운송,해운사
A029260,금성전기,12,,,
A029270,럭키소재,12,,,
A029460,케이씨,12,G45,반도체와반도체장비,반도체와반도체장비
A029530,신도리코,12,G45,기술하드웨어와장비,사무용전자제품
A029780,삼성카드,12,G40,다각화된금융,카드
A029890,현대반도체,12,,,
A030000,제일기획,12,G25,미디어,광고
A030200,KT,12,G50,통신서비스,다각화된통신서비스
A030210,KTB투자증권,12,G40,증권,증권
A030610,교보증권,12,G40,증권,증권
A030710,동아상호신용금고,6,,,
A030720,동원수산,12,G30,"식품,음료,담배",식품
A030790,동양네트웍스,12,G45,소프트웨어와서비스,IT서비스
A031430,신세계인터내셔날,12,G25,내구소비재와의류,"섬유,의류,신발,호화품"
A031440,신세계푸드,12,G25,"호텔,레스토랑,레저등","호텔,레스토랑,레저"
A031820,콤텍시스템,12,G45,소프트웨어와서비스,IT서비스
A032350,롯데관광개발,12,G25,"호텔,레스토랑,레저등","호텔,레스토랑,레저"
A032390,KTF,12,,,
A032560,황금에스티,12,G15,소재,비철금속
A032640,LG유플러스,12,G50,통신서비스,무선통신서비스
A032710,LG카드,12,,,
A032830,삼성생명,12,G40,보험,생명보험
A033180,필룩스,12,G45,전자와 전기제품,전기제품
A033240,자화전자,12,G45,기술하드웨어와장비,전자장비와기기
A033250,체시스,6,G25,자동차와부품,자동차부품
A033270,유나이티드제약,12,G35,제약과생물공학,제약
A033530,세종공업,12,G25,자동차와부품,자동차부품
A033660,아주캐피탈,12,G40,다각화된금융,기타금융
A033780,KT&G,12,G30,"식품,음료,담배",담배
A033920,무학,12,G30,"식품,음료,담배",음료
A034020,두산중공업,12,G20,자본재,기계
A034120,SBS,12,G25,미디어,방송과엔터테인먼트
A034220,LG디스플레이,12,G45,디스플레이,디스플레이패널
A034300,신세계건설,12,G20,자본재,건설
A034310,NICE,12,G40,기타금융서비스,신용평가서비스
A034590,인천도시가스,12,G55,유틸리티,가스유틸리티
A034730,SK,12,G20,자본재,복합기업
A034830,한국토지신탁,12,G40,부동산,부동산
A035000,지투알,12,G25,미디어,광고
A035150,백산,12,G25,내구소비재와의류,"섬유,의류,신발,호화품"
A035250,강원랜드,12,G25,"호텔,레스토랑,레저등","호텔,레스토랑,레저"
A035420,NAVER,12,G45,소프트웨어와서비스,인터넷소프트웨어와서비스
A035510,신세계 I&C,12,G45,소프트웨어와서비스,IT서비스
A035720,카카오,12,G45,소프트웨어와서비스,인터넷소프트웨어와서비스
A036460,한국가스공사,12,G55,유틸리티,가스유틸리티
A036530,S&T홀딩스,12,G25,자동차와부품,자동차부품
A036570,엔씨소프트,12,G45,소프트웨어와서비스,게임소프트웨어와서비스
A036580,팜스코,12,G30,"식품,음료,담배",식품
A037270,YG PLUS,12,G25,미디어,방송과엔터테인먼트
A037560,CJ헬로,12,G25,미디어,방송과엔터테인먼트
A037620,미래에셋증권,12,,,
A037710,광주신세계,12,G25,소매(유통),백화점과일반상점
A038400,외환신용카드,12,,,
A039130,하나투어,12,G25,"호텔,레스토랑,레저등","호텔,레스토랑,레저"
A039490,키움증권,12,G40,증권,증권
A039570,HDC아이콘트롤스,12,G20,자본재,건설
A041650,상신브레이크,12,G25,자동차와부품,자동차부품
A042100,현대오토넷,12,,,
A042660,대우조선해양,12,G20,자본재,조선
A042670,두산인프라코어,12,G20,자본재,기계
A042700,한미반도체,12,G45,반도체와반도체장비,반도체와반도체장비
A044380,주연테크,12,G45,기술하드웨어와장비,컴퓨터와주변기기
A044450,KSS해운,12,G20,운송,해운사
A044820,코스맥스비티아이,12,G35,제약과생물공학,제약
A045710,온미디어,12,,,
A045820,LG파워콤,12,,,
A047040,대우건설,12,G20,자본재,건설
A047050,포스코대우,12,G20,자본재,무역회사와판매업체
A047400,유니온머티리얼,12,G15,소재,비철금속
A047810,한국항공우주,12,G20,자본재,우주항공과국방
A049770,동원F&B,12,G30,"식품,음료,담배",식품
A049800,우진플라임,12,G20,자본재,기계
A051310,포스코플랜텍,12,,,
A051600,한전KPS,12,G55,유틸리티,전기유틸리티
A051630,진양화학,12,G15,소재,화학
A051900,LG생활건강,12,G25,내구소비재와의류,화장품
A051910,LG화학,12,G15,소재,화학
A052690,한전기술,12,G55,유틸리티,전기유틸리티
A053000,우리금융지주,12,,,
A053210,스카이라이프,12,G25,미디어,방송과엔터테인먼트
A053690,한미글로벌,12,G20,자본재,건설
A055490,테이팩스,12,G15,소재,화학
A055550,신한지주,12,G40,은행,은행
A057050,현대홈쇼핑,12,G25,소매(유통),인터넷과카탈로그소매
A058430,포스코강판,12,G15,소재,비철금속
A058650,세아홀딩스,12,G15,소재,철강
A058730,다스코,12,G20,자본재,건축제품
A058850,KTcs,12,G20,상업서비스와공급품,상업서비스와공급품
A058860,케이티스,12,G20,상업서비스와공급품,상업서비스와공급품
A060000,국민은행,12,,,
A060980,한라홀딩스,12,G25,자동차와부품,자동차부품
A063160,종근당바이오,12,G35,제약과생물공학,제약
A063350,팬택앤큐리텔,12,,,
A063510,코오롱인터,12,,,
A064350,현대로템,12,G20,자본재,기계
A064420,케이피케미칼,12,,,
A064960,S&T모티브,12,G25,자동차와부품,자동차부품
A066570,LG전자,12,G45,전자와 전기제품,전자제품
A067250,STX조선해양,12,,,
A067830,세이브존I&C,12,G25,소매(유통),백화점과일반상점
A068270,셀트리온,12,G35,제약과생물공학,제약
A068290,삼성출판사,12,G25,내구소비재와의류,문구류
A068400,AJ렌터카,12,G20,운송,도로와철도운송
A068870,LG생명과학,12,,,
A069260,휴켐스,12,G15,소재,화학
A069460,대호에이엘,12,G15,소재,비철금속
A069470,제로원인터랙티브,12,,,
A069620,대웅제약,12,G35,제약과생물공학,제약
A069640,한세엠케이,12,G25,내구소비재와의류,"섬유,의류,신발,호화품"
A069730,DSR제강,12,G15,소재,철강
A069960,현대백화점,12,G25,소매(유통),백화점과일반상점
A070960,용평리조트,12,G25,"호텔,레스토랑,레저등","호텔,레스토랑,레저"
A071050,한국금융지주,12,G40,증권,증권
A071090,하이스틸,12,G15,소재,철강
A071320,지역난방공사,12,G55,유틸리티,복합유틸리티
A071840,롯데하이마트,12,G25,소매(유통),전문소매
A071950,코아스,12,G20,자본재,가구
A071970,STX중공업,12,G20,자본재,기계
A072130,유엔젤,12,G45,소프트웨어와서비스,인터넷소프트웨어와서비스
A072710,농심홀딩스,12,G30,"식품,음료,담배",식품
A073240,금호타이어,12,G25,자동차와부품,자동차부품
A074610,나노메딕스,12,G20,자본재,기계
A075180,새론오토모티브,12,G25,자동차와부품,자동차부품
A075580,세진중공업,12,G20,자본재,조선
A076170,GBS,12,,,
A077500,유니퀘스트,12,G45,반도체와반도체장비,반도체와반도체장비
A077970,STX엔진,12,G20,자본재,조선
A078000,텔코웨어,12,G45,소프트웨어와서비스,소프트웨어
A078520,에이블씨엔씨,12,G25,내구소비재와의류,화장품
A078930,GS,12,G10,에너지,석유와가스
A079160,CJ CGV,12,G25,미디어,방송과엔터테인먼트
A079430,현대리바트,12,G20,자본재,가구
A079440,오렌지라이프,12,G40,보험,생명보험
A079550,LIG넥스원,12,G20,자본재,우주항공과국방
A079660,사조해표,12,G30,"식품,음료,담배",식품
A079980,휴비스,12,G15,소재,화학
A081000,일진다이아,12,G15,소재,비철금속
A081660,휠라코리아,12,G25,내구소비재와의류,"섬유,의류,신발,호화품"
A082640,동양생명,12,G40,보험,생명보험
A082740,HSD엔진,12,G20,자본재,조선
A083420,그린케미칼,12,G15,소재,화학
A084010,대한제강,12,G15,소재,철강
A084670,동양고속,12,G20,운송,도로와철도운송
A084680,이월드,12,G25,"호텔,레스토랑,레저등","호텔,레스토랑,레저"
A084690,대상홀딩스,12,G30,"식품,음료,담배",식품
A084870,TBH글로벌,12,G25,내구소비재와의류,"섬유,의류,신발,호화품"
A085310,엔케이,12,G20,자본재,기계
A085620,미래에셋생명,12,G40,보험,생명보험
A086280,현대글로비스,12,G20,운송,항공화물운송과물류
A086790,하나금융지주,12,G40,은행,은행
A088350,한화생명,12,G40,보험,생명보험
A088790,진도,12,G25,내구소비재와의류,"섬유,의류,신발,호화품"
A089470,HDC현대EP,12,G25,자동차와부품,자동차부품
A089590,제주항공,12,G20,운송,항공사
A090080,평화산업,12,G25,자동차와부품,자동차부품
A090350,노루페인트,12,G20,자본재,건축자재
A090370,메타랩스,12,G25,내구소비재와의류,"섬유,의류,신발,호화품"
A090430,아모레퍼시픽,12,G25,내구소비재와의류,화장품
A091090,세원셀론텍,12,G10,에너지,석유와가스
A091810,티웨이항공,12,G20,운송,항공사
A092200,디아이씨,12,G25,자동차와부품,자동차부품
A092220,KEC,12,G45,반도체와반도체장비,반도체와반도체장비
A092230,KPX홀딩스,12,G15,소재,화학
A092440,기신정기,3,G20,자본재,기계
A092780,동양피스톤,12,G25,자동차와부품,자동차부품
A093050,LF,12,G25,내구소비재와의류,"섬유,의류,신발,호화품"
A093230,이아이디,12,G10,에너지,석유와가스
A093240,형지엘리트,6,G25,내구소비재와의류,"섬유,의류,신발,호화품"
A093370,후성,12,G15,소재,화학
A094280,효성ITX,12,G20,상업서비스와공급품,상업서비스와공급품
A095570,AJ네트웍스,12,G20,운송,도로와철도운송
A095720,웅진씽크빅,12,G25,교육서비스,교육서비스
A096760,JW홀딩스,12,G35,제약과생물공학,제약
A096770,SK이노베이션,12,G10,에너지,석유와가스
A097230,한진중공업,12,G20,자본재,조선
A097950,CJ제일제당,12,G30,"식품,음료,담배",식품
A100220,비상교육,12,G25,교육서비스,교육서비스
A100250,진양홀딩스,12,G15,소재,화학
A100840,S&TC,12,G20,자본재,기계
A101060,SBS미디어홀딩스,12,G25,미디어,방송과엔터테인먼트
A101140,아티스,12,G25,내구소비재와의류,"섬유,의류,신발,호화품"
A101530,해태제과식품,12,G30,"식품,음료,담배",식품
A101990,파브코,12,,,
A102260,동성코퍼레이션,12,G15,소재,화학
A102280,쌍방울,12,G25,내구소비재와의류,"섬유,의류,신발,호화품"
A102460,이연제약,12,G35,제약과생물공학,제약
A103130,웅진에너지,12,G10,에너지,에너지장비및서비스
A103140,풍산,12,G15,소재,비철금속
A103150,하이트맥주,12,,,
A103160,풀무원,12,,,
A103590,일진전기,12,G20,자본재,전기장비
A104110,신성이엔지,12,,,
A104120,신성에프에이,12,,,
A104700,한국철강,12,G15,소재,철강
A105560,KB금융,12,G40,은행,은행
A105630,한세실업,12,G25,내구소비재와의류,"섬유,의류,신발,호화품"
A105840,우진,12,G20,자본재,기계
A107590,미원홀딩스,12,G15,소재,화학
A108070,삼성이미징,12,,,
A108670,LG하우시스,12,G20,자본재,건축자재
A109070,컨버즈,12,G15,소재,종이와목재
A110570,넥솔론,12,,,
A111110,호전실업,12,G25,내구소비재와의류,"섬유,의류,신발,호화품"
A111770,영원무역,12,G25,내구소비재와의류,"섬유,의류,신발,호화품"
A112610,씨에스윈드,12,G20,자본재,기계
A114090,GKL,12,G25,"호텔,레스토랑,레저등","호텔,레스토랑,레저"
A114410,현대푸드시스템,12,,,
A115390,락앤락,12,G15,소재,포장재
A117580,대성에너지,12,G55,유틸리티,가스유틸리티
A117930,한진해운,12,,,
A118000,우리들휴브레인,12,G35,건강관리장비와서비스,건강관리장비와용품
A119650,KC코트렐,12,G20,자본재,기계
A120030,조선선재,12,G15,소재,철강
A120110,코오롱인더,12,G15,소재,화학
A122900,아이마켓코리아,12,G20,상업서비스와공급품,상업서비스와공급품
A123690,한국화장품,12,G25,내구소비재와의류,화장품
A123700,SJM,12,G25,자동차와부품,자동차부품
A123890,한국자산신탁,12,G40,부동산,부동산
A126560,현대에이치씨엔,12,G25,미디어,방송과엔터테인먼트
A128820,대성산업,12,G10,에너지,석유와가스
A128940,한미약품,12,G35,제약과생물공학,제약
A129260,인터지스,12,G20,운송,항공화물운송과물류
A130660,한전산업,12,G55,유틸리티,전기유틸리티
A133820,화인베스틸,12,G20,자본재,조선
A134380,미원화학,12,G15,소재,화학
A134790,시디즈,12,G20,자본재,가구
A136490,선진,12,G30,"식품,음료,담배",식품
A138040,메리츠금융지주,12,G40,보험,손해보험
A138250,엔에스쇼핑,12,G25,소매(유통),인터넷과카탈로그소매
A138490,코오롱플라스틱,12,G15,소재,화학
A138930,BNK금융지주,12,G40,은행,은행
A139130,DGB금융지주,12,G40,은행,은행
A139480,이마트,12,G25,소매(유통),백화점과일반상점
A143210,핸즈코퍼레이션,12,G25,자동차와부품,자동차부품
A144620,코오롱머티리얼,12,G25,내구소비재와의류,"섬유,의류,신발,호화품"
A145210,세화아이엠씨,12,G25,자동차와부품,자동차부품
A145720,덴티움,12,G35,건강관리장비와서비스,건강관리장비와용품
A145990,삼양사,12,G30,"식품,음료,담배",식품
A152330,코리아오토글라스,12,G25,자동차와부품,자동차부품
A155660,DSR,12,G15,소재,비철금속
A161000,애경유화,12,G15,소재,화학
A161390,한국타이어,12,G25,자동차와부품,자동차부품
A161890,한국콜마,12,G25,내구소비재와의류,화장품
A163560,동일고무벨트,12,G20,자본재,기계
A170900,동아에스티,12,G35,제약과생물공학,제약
A175330,JB금융지주,12,G40,은행,은행
A180640,한진칼,12,G20,운송,항공사
A181710,NHN엔터테인먼트,12,G45,소프트웨어와서비스,게임소프트웨어와서비스
A183190,아세아시멘트,12,G20,자본재,건축자재
A185750,종근당,12,G35,제약과생물공학,제약
A192400,쿠쿠홀딩스,12,G25,내구소비재와의류,가정용기기와용품
A192520,경남은행,12,,,
A192530,광주은행,12,,,
A192820,코스맥스,12,G25,내구소비재와의류,화장품
A194370,제이에스코퍼레이션,12,G25,내구소비재와의류,"섬유,의류,신발,호화품"
A195870,해성디에스,12,G45,반도체와반도체장비,반도체와반도체장비
A200880,서연이화,12,G25,자동차와부품,자동차부품
A204320,만도,12,G25,자동차와부품,자동차부품
A207940,삼성바이오로직스,12,G35,제약과생물공학,제약
A210540,디와이파워,12,G20,자본재,기계
A210980,SK디앤디,12,G40,부동산,부동산
A213500,한솔제지,12,G15,소재,종이와목재
A214320,이노션,12,G25,미디어,광고
A214330,금호에이치티,12,G25,자동차와부품,자동차부품
A214390,경보제약,12,G35,제약과생물공학,제약
A214420,토니모리,12,G25,내구소비재와의류,화장품
A226320,잇츠한불,12,G25,내구소비재와의류,화장품
A227840,현대코퍼레이션홀딩스,12,G30,식품과기본식료품소매,식품과기본식료품소매
A229640,LS전선아시아,12,G20,자본재,전기장비
A234080,JW생명과학,12,G35,제약과생물공학,제약
A241560,두산밥캣,12,G20,자본재,기계
A241590,화승엔터프라이즈,12,G25,내구소비재와의류,"섬유,의류,신발,호화품"
A248170,샘표식품,12,G30,"식품,음료,담배",식품
A249420,일동제약,12,G35,제약과생물공학,제약
A251270,넷마블,12,G45,소프트웨어와서비스,게임소프트웨어와서비스
A264900,크라운제과,12,G30,"식품,음료,담배",식품
A267250,현대중공업지주,12,G20,자본재,복합기업
A267260,현대일렉트릭,12,G20,자본재,전기장비
A267270,현대건설기계,12,G20,자본재,기계
A267290,경동도시가스,12,G55,유틸리티,가스유틸리티
A267850,아시아나IDT,12,G45,소프트웨어와서비스,IT서비스
A268280,미원에스씨,12,G15,소재,화학
A271560,오리온,12,G30,"식품,음료,담배",식품
A271980,제일약품,12,G35,제약과생물공학,제약
A272450,진에어,12,G20,운송,항공사
A272550,삼양패키징,12,G15,소재,포장재
A280360,롯데제과,12,G30,"식품,음료,담배",식품
A281820,케이씨텍,12,G45,반도체와반도체장비,반도체와반도체장비
A282330,BGF리테일,12,G25,소매(유통),백화점과일반상점
A282690,동아타이어,12,G25,자동차와부품,자동차부품
A284740,쿠쿠홈시스,12,G25,내구소비재와의류,가정용기기와용품
A285130,SK케미칼,12,G15,소재,화학
A286940,롯데정보통신,12,G45,소프트웨어와서비스,IT서비스
A293480,하나제약,12,G35,제약과생물공학,제약
A294870,HDC현대산업개발,12,G20,자본재,건설
A298000,효성화학,12,G15,소재,화학
A298020,효성티앤씨,12,G25,내구소비재와의류,"섬유,의류,신발,호화품"
A298040,효성중공업,12,G20,자본재,전기장비
A298050,효성첨단소재,12,G15,소재,화학
A298690,에어부산,12,G20,운송,항공사
A300720,한일시멘트,12,G20,자본재,건축자재
A306200,세아제강,12,G15,소재,철강
A900030,연합과기,12,,,
A900050,중국원양자원,12,,,
A900140,엘브이엠씨홀딩스,12,G25,자동차와부품,자동차
A950010,평산차업,12,,,
A950070,중국고섬,12,,,
A950100,SBI모기지,3,,,
